[{"repos":1,"week":52,"date":"25-Dec-14","formatted_date":"25 Dec 2014","day":"Thursday"},{"repos":6,"week":1,"date":"29-Dec-14","formatted_date":"29 Dec 2014","day":"Monday"},{"repos":11,"week":2,"date":"05-Jan-15","formatted_date":"05 Jan 2015","day":"Monday"},{"repos":6,"week":3,"date":"12-Jan-15","formatted_date":"12 Jan 2015","day":"Monday"},{"repos":8,"week":4,"date":"19-Jan-15","formatted_date":"19 Jan 2015","day":"Monday"},{"repos":9,"week":5,"date":"26-Jan-15","formatted_date":"26 Jan 2015","day":"Monday"},{"repos":6,"week":6,"date":"02-Feb-15","formatted_date":"02 Feb 2015","day":"Monday"},{"repos":8,"week":7,"date":"09-Feb-15","formatted_date":"09 Feb 2015","day":"Monday"},{"repos":7,"week":8,"date":"16-Feb-15","formatted_date":"16 Feb 2015","day":"Monday"},{"repos":9,"week":9,"date":"23-Feb-15","formatted_date":"23 Feb 2015","day":"Monday"},{"repos":12,"week":10,"date":"02-Mar-15","formatted_date":"02 Mar 2015","day":"Monday"},{"repos":10,"week":11,"date":"09-Mar-15","formatted_date":"09 Mar 2015","day":"Monday"},{"repos":11,"week":12,"date":"16-Mar-15","formatted_date":"16 Mar 2015","day":"Monday"},{"repos":17,"week":13,"date":"23-Mar-15","formatted_date":"23 Mar 2015","day":"Monday"},{"repos":16,"week":14,"date":"30-Mar-15","formatted_date":"30 Mar 2015","day":"Monday"},{"repos":9,"week":15,"date":"06-Apr-15","formatted_date":"06 Apr 2015","day":"Monday"},{"repos":17,"week":16,"date":"13-Apr-15","formatted_date":"13 Apr 2015","day":"Monday"},{"repos":14,"week":17,"date":"20-Apr-15","formatted_date":"20 Apr 2015","day":"Monday"},{"repos":16,"week":18,"date":"27-Apr-15","formatted_date":"27 Apr 2015","day":"Monday"},{"repos":14,"week":19,"date":"04-May-15","formatted_date":"04 May 2015","day":"Monday"},{"repos":18,"week":20,"date":"11-May-15","formatted_date":"11 May 2015","day":"Monday"},{"repos":9,"week":21,"date":"18-May-15","formatted_date":"18 May 2015","day":"Monday"},{"repos":12,"week":22,"date":"25-May-15","formatted_date":"25 May 2015","day":"Monday"},{"repos":14,"week":23,"date":"01-Jun-15","formatted_date":"01 Jun 2015","day":"Monday"},{"repos":19,"week":24,"date":"08-Jun-15","formatted_date":"08 Jun 2015","day":"Monday"},{"repos":18,"week":25,"date":"15-Jun-15","formatted_date":"15 Jun 2015","day":"Monday"},{"repos":13,"week":26,"date":"22-Jun-15","formatted_date":"22 Jun 2015","day":"Monday"},{"repos":13,"week":27,"date":"29-Jun-15","formatted_date":"29 Jun 2015","day":"Monday"},{"repos":17,"week":28,"date":"06-Jul-15","formatted_date":"06 Jul 2015","day":"Monday"},{"repos":13,"week":29,"date":"13-Jul-15","formatted_date":"13 Jul 2015","day":"Monday"},{"repos":17,"week":30,"date":"20-Jul-15","formatted_date":"20 Jul 2015","day":"Monday"},{"repos":18,"week":31,"date":"27-Jul-15","formatted_date":"27 Jul 2015","day":"Monday"},{"repos":11,"week":32,"date":"03-Aug-15","formatted_date":"03 Aug 2015","day":"Monday"},{"repos":12,"week":33,"date":"10-Aug-15","formatted_date":"10 Aug 2015","day":"Monday"},{"repos":14,"week":34,"date":"17-Aug-15","formatted_date":"17 Aug 2015","day":"Monday"},{"repos":14,"week":35,"date":"24-Aug-15","formatted_date":"24 Aug 2015","day":"Monday"},{"repos":14,"week":36,"date":"31-Aug-15","formatted_date":"31 Aug 2015","day":"Monday"},{"repos":16,"week":37,"date":"07-Sep-15","formatted_date":"07 Sep 2015","day":"Monday"},{"repos":15,"week":40,"date":"28-Sep-15","formatted_date":"28 Sep 2015","day":"Monday"},{"repos":20,"week":41,"date":"05-Oct-15","formatted_date":"05 Oct 2015","day":"Monday"},{"repos":18,"week":42,"date":"12-Oct-15","formatted_date":"12 Oct 2015","day":"Monday"},{"repos":23,"week":43,"date":"19-Oct-15","formatted_date":"19 Oct 2015","day":"Monday"},{"repos":20,"week":44,"date":"26-Oct-15","formatted_date":"26 Oct 2015","day":"Monday"},{"repos":20,"week":45,"date":"02-Nov-15","formatted_date":"02 Nov 2015","day":"Monday"},{"repos":22,"week":46,"date":"09-Nov-15","formatted_date":"09 Nov 2015","day":"Monday"},{"repos":20,"week":47,"date":"16-Nov-15","formatted_date":"16 Nov 2015","day":"Monday"},{"repos":16,"week":48,"date":"23-Nov-15","formatted_date":"23 Nov 2015","day":"Monday"},{"repos":20,"week":49,"date":"30-Nov-15","formatted_date":"30 Nov 2015","day":"Monday"},{"repos":20,"week":50,"date":"07-Dec-15","formatted_date":"07 Dec 2015","day":"Monday"},{"repos":25,"week":51,"date":"14-Dec-15","formatted_date":"14 Dec 2015","day":"Monday"},{"repos":21,"week":52,"date":"21-Dec-15","formatted_date":"21 Dec 2015","day":"Monday"}]